Name,Date,Region,Transaction
Ferdinand Trevino,09/15/18,Karen,8661
Arthur Delgado,05/02/19,Marah,9723
Burton Osborne,09/07/19,Kelsie,8722
Ralph Dean,03/15/18,Zelda,5740
Noble Crane,04/23/19,Ava,9748
Abraham Reynolds,07/30/19,Uta,7261
Amos Higgins,10/18/18,Eliana,9006
Ross Stephenson,08/02/19,Glenna,5837
Benedict Mckinney,06/26/19,Ayanna,7839
Mark Gould,03/07/19,Caryn,7057
Samuel Dotson,04/01/19,Margaret,9461
Levi Chase,01/15/20,Ariana,7958
Cain Warner,12/18/18,Regina,6279
Josiah Newton,01/13/20,Leilani,5790
Ira Oliver,04/15/19,Maryam,8856
Melvin Scott,01/25/19,Kiara,5686
Amery Marquez,08/05/19,Uta,8069
Wade Davis,01/30/19,Wynter,8605
Cairo Dunlap,03/19/18,Leila,8510
Kasimir Hayden,08/13/18,Shelley,9251
Daquan Head,10/25/19,Charissa,7682
Aquila Ferrell,11/19/19,Raya,6452
Rudyard Butler,03/11/20,Carolyn,5623
Ray Knight,10/01/18,Juliet,6958
Brett Goodwin,06/13/19,Daryl,9522
Abraham Hudson,11/17/18,Hayley,7804
Emmanuel Simon,05/06/19,Virginia,5847
Kadeem Jacobs,05/06/18,Risa,9315
Zeus Wynn,10/10/18,Delilah,9614
Boris Harrington,03/19/18,Unity,6553
Lyle Meyers,10/18/19,Rae,9969
Cade Knox,09/28/18,Chiquita,8247
Noah Moss,03/29/18,Jolene,5888
Cole Wood,04/17/19,Shana,6666
Quamar Burgess,02/06/20,Laura,9643
Lucian Middleton,12/16/19,Adele,8790
Andrew Ryan,10/16/18,Hedy,8577
Stewart Acosta,05/03/18,Quon,9381
Dexter Fowler,08/01/18,Indira,8077
Reed Mosley,03/28/18,Florence,8562
Warren Cooper,11/25/18,Avye,5019
Devin Nunez,06/02/19,Anika,9998
Aladdin Maynard,08/01/18,Stella,5282
Francis Wheeler,06/05/19,Gisela,5783
Gannon Hudson,10/10/18,Signe,5094
Aquila Mitchell,03/18/19,Lenore,6505
Kamal Cannon,10/27/18,Chelsea,7169
Cade Williamson,12/15/18,Kerry,8100
Scott Harris,04/20/19,Faith,9085
Peter Richards,10/09/18,Sybill,8526
Simon Mathews,06/02/18,Dakota,9085
Stephen Craft,03/25/19,Zephr,5120
Micah Sanford,03/20/20,Bethany,7727
Daniel Griffith,07/19/19,Molly,5617
Kevin Ochoa,02/09/19,Paula,8967
Rafael Barrera,01/14/19,Yolanda,8932
Dean Paul,09/22/18,Clare,9892
Abel Obrien,03/11/19,Winifred,8120
Hunter Thornton,05/20/18,Lydia,8280
Hu Odonnell,09/16/18,Victoria,8035
Xanthus Moon,11/03/19,Fleur,8919
Rogan Fitzgerald,12/30/18,Jolene,8181
Jackson Mason,07/20/18,Lucy,5845
Todd Carter,12/17/18,Alma9,192
Philip Battle,07/26/18,Lilah7,876
Timon Olsen,03/22/19,Gemma,7101
Jack Larson,10/22/19,Winter,9931
Thor Solis,12/07/18,Katelyn,7583
Noble Robbins,03/06/19,Hyacinth,7584
Zephania Mann,04/07/18,Rhona,8752
Orson Bean,05/27/18,Aretha,9580
Kenneth Ferrell,09/04/18,Geraldine,8304
Buckminster Short,11/20/19,Haviva,5329
Lance Mcfadden,10/20/18,Sylvia,9401
Gary Hernandez,04/25/19,Quintessa,9293
Hector Finch,05/17/18,Lani,6886
Joseph Pope,12/26/19,Ann,9055
Armand Sheppard,05/04/19,Isabelle,8515
Joel Hewitt,03/13/20,Jana,9729
Ronan Salas,03/17/20,Azalia,6180
Colby Melton,12/11/18,Eve,6579
Lee Downs,10/01/19,Ciara,8672
Colby Knight,11/18/19,Diana,7120
Dieter Griffith,07/03/19,Ayanna,8896
Graiden Fernandez,11/04/18,Summer,9368
Erasmus Lamb,11/26/18,Aphrodite,7722
Elton Blackwell,06/13/19,Justine,9389
Wayne Randall,12/25/19,Hyacinth,9311
Adam Jones,02/18/20,Casey,8170
Patrick Pickett,09/06/18,Darrel,7850
Cruz Pruitt,01/31/19,Tara,8742
Kermit Cardenas,09/10/19,Maggy,5146
Ivan Dennis,05/20/19,Medge,5891
Evan Zimmerman,04/18/19,Riley,5119
Cade English,05/13/18,Regina,9995
Reese Berg,11/22/18,Lacy,8566
Mark Benson,10/15/19,Sigourney,7397
Lucian Petersen,01/15/20,Imogene,5553
Jackson Blackwell,05/27/18,Skyler,5870
Keane Goodwin,08/29/18,Mari,8248
